obs,elapsed,E,A,Ca,Ci,gsw,gbw,gtw,gtc,Rabs,TleafEB,TleafCnd,SVPleaf,RHcham,VPcham,SVPcham,VPDleaf,LatHFlux,SenHFlux,NetTherm,EBSum,Fo,Fm,Fv,Fv/Fm,Adark,Fs,Fm',PhiPS2,PS2/1,Qabs_fs,Afs,ETR,Fv'/Fm',PhiCO2,NPQ,Fo',Fv',qP,qN,qP_Fo,qN_Fo,Qin,Qabs,alpha,CO2_s,CO2_r,H2O_s,H2O_r,Flow,Pa,?Pcham,Tair,Tleaf,Q,f_red,f_blue,F,Q_modavg,Q_red,Q_blue,F_avg,dF/dt,dF_dc/dt,F_dc_avg,Flow_s,Flow_r,Txchg,Tirga,Tchopper,Ts,Tr
1,0,0.006933125,14.93225872,409.0421935,322.9661889,0.345819267,2.520800318,0.321460106,0.202957972,241.6648586,28.35394094,27.51281613,3.688387911,48.53676703,1.928186047,3.972629752,1.760201863,-305.7507928,173.258486,15.00441069,124.1769625,159.0757692,1.5088,-157.5669692,-104.4319785,0.74432934,625.7864615,787.556,0.205407029,0.5,1261.201345,14.93225872,129.5298109,0.446998055,0.011249536,-0.9980842,435.52,352.036,0.459525556,1.811121925,0.257397975,4.98865469,1499.988387,1261.201345,0.840807406,409.0421935,426.8106774,22.83998387,16.06510323,599.9903871,84.3216,0.099915281,28.7877,27.51281613,1499.988387,0.972998742,0.027001429,625.8157419,5.0001,1454.61871,40.37,625.7864615,0.210119655,-7.982905991,10049.48077,632.207,228.721,24.9992,34.641,30,34.6613,34.6957
2,150.5,0.006840191,10.2002713,300.2112258,240.0587093,0.340973717,2.522304566,0.317280409,0.200291639,241.6664761,28.35318211,27.50160645,3.685969539,48.57426823,1.926465901,3.966021459,1.759503638,-301.6524286,170.9804272,14.79535221,125.7898269,159.0757692,1.5088,-157.5669692,-104.4319785,0.74432934,629.2677692,764.102,0.176461036,0.5,1261.209513,10.2002713,111.2771688,0.416098898,0.007497519,-0.998025395,446.16,317.942,0.424084364,1.715036865,0.222856835,4.839803696,1499.998065,1261.209513,0.840807427,300.2112258,312.4650968,22.81993226,16.13578065,599.9952258,84.32033226,0.099984132,28.75897742,27.50160645,1499.998065,0.972997774,0.027002513,629.254871,5.0001,1454.626774,40.37129032,629.2677692,-0.737914528,-1.008546975,10073.53462,633.347,228.031,24.9994,34.5749,29.9999,34.6045,34.6424
3,335,0.006835766,6.496861347,205.2630323,167.0133237,0.346097619,2.522436779,0.321715344,0.203119416,241.6668336,28.34146499,27.48477742,3.682341447,49.16601198,1.94845941,3.963021062,1.733882037,-301.4573024,171.5026407,14.83755423,126.5497262,159.0757692,1.5088,-157.5669692,-104.4319785,0.74432934,636.9377692,748.39,0.148922662,0.5,1261.211652,6.496861347,93.91149804,0.387485135,0.004561115,-0.997983939,458.4,289.99,0.38433129,1.634702529,0.189121906,4.740087365,1500.000645,1261.211652,0.840807406,205.2630323,213.1630323,23.08108387,16.4030871,599.9993548,84.31804194,0.0999785,28.74592258,27.48477742,1500.000645,0.972996323,0.027004139,636.9213548,5.0001,1454.630323,40.37032258,636.9377692,-0.323076923,-18.44444447,10171.20385,633.421,228.234,24.9988,34.4746,29.9999,34.526,34.5617
4,526.5,0.00682223,2.021442977,100.2135806,87.79565058,0.366696245,2.521510709,0.33943852,0.21442898,241.6659584,28.32365183,27.51331935,3.688496509,51.78293742,2.049588022,3.958037385,1.638908487,-300.8603412,164.609365,14.24689313,119.6618753,159.0757692,1.5088,-157.5669692,-104.4319785,0.74432934,650.4155769,737.447,0.11801719,0.5,1261.207045,2.021442977,74.42205604,0.370286949,0.001012612,-0.997954022,464.38,273.067,0.318718201,1.589941651,0.15047675,4.67063753,1499.995161,1261.207045,0.840807409,100.2135806,102.9187097,24.28060323,17.62400645,599.9986774,84.31259032,0.099975671,28.72421935,27.51331935,1499.995161,0.972994452,0.027005919,650.4325484,5.0001,1454.624839,40.37032258,650.4155769,-1.236888896,31.56581213,10369.45,633.534,228.87,24.9996,34.3585,30,34.4454,34.4799
5,718,0.006931781,-0.140638329,50.13263548,49.25168485,0.397792909,2.522059771,0.365937598,0.231360119,241.667429,28.25710546,27.50282903,3.686233231,54.23631473,2.142472761,3.950255049,1.543760469,-305.691543,161.4569484,13.96791619,111.4007505,159.0757692,1.5088,-157.5669692,-104.4319785,0.74432934,657.5796154,725.76,0.093943431,0.5,1261.212213,-0.140638329,59.24130136,0.36204806,-0.00070168,-0.997921076,463,262.76,0.259477792,1.569371637,0.120314597,4.596465893,1500.000968,1261.212213,0.840807599,50.13263548,50.33950645,25.38130645,18.62543548,599.9975484,84.31147419,0.09997111,28.69028065,27.50282903,1500.000968,0.972992323,0.027007871,657.5939032,5.0001,1454.620968,40.38,657.5796154,-0.131965807,-10.27692302,10454.56154,634.039,229.327,24.9998,34.265,30,34.3729,34.4069
6,904,0.006959908,13.89646478,409.1093548,342.4902439,0.428430899,2.521371478,0.391712895,0.247856757,241.6734525,28.19919988,27.44617742,3.674031626,56.52898565,2.226645827,3.938945306,1.447385799,-306.9319373,162.3951049,14.04548854,111.1821086,159.0757692,1.5088,-157.5669692,-104.4319785,0.74432934,614.0545385,772.605,0.205215423,0.5,1261.243916,13.89646478,129.4133516,0.437306256,0.010427908,-0.998047126,434.74,337.865,0.469271637,1.779872271,0.258423647,4.893768052,1500.03871,1261.243916,0.840807579,409.1093548,425.853129,26.37857742,19.60228387,600.0019355,84.31113548,0.100005842,28.64085484,27.44617742,1500.03871,0.97299271,0.027007516,613.9753548,5.0001,1454.65871,40.38,614.0545385,6.004923086,86.68341889,9843.229615,633.95,230.393,24.9993,34.1884,29.9999,34.3056,34.3388
7,1095.5,0.006855393,14.45908421,409.9473548,342.876313,0.440014277,2.52161067,0.401383072,0.254052041,241.6662963,28.19706672,27.45756129,3.676480646,58.13998016,2.285680708,3.931340708,1.390799939,-302.3228094,156.33552,13.51863435,109.1976413,159.0757692,1.5088,-157.5669692,-104.4319785,0.74432934,612.1308077,772.188,0.207277492,0.5,1261.206252,14.45908421,130.7098346,0.44194937,0.010874316,-0.998046072,430.92,341.268,0.469007327,1.794734744,0.261056923,4.891121558,1499.993871,1261.206252,0.840807603,409.9473548,427.2166452,27.07755161,20.40784194,600.005,84.31237419,0.100010655,28.60755161,27.45756129,1499.993871,0.972991161,0.027008935,612.1459677,5.0001,1454.613871,40.38,612.1308077,1.174188046,20.9682052,9819.399231,633.934,231.109,24.9996,34.0928,29.9999,34.2165,34.248
8,1284.9,0.006750328,14.50495806,410.0460323,344.298768,0.449948187,2.521286205,0.409633775,0.259341523,241.6651129,28.19446222,27.45327742,3.675558887,59.48699166,2.334039772,3.923613729,1.341519115,-297.6894861,152.2901934,13.1680139,109.4338342,159.0757692,1.5088,-157.5669692,-104.4319785,0.74432934,613.9303077,776.699,0.209564699,0.5,1261.207568,14.50495806,132.1522923,0.441636979,0.010910677,-0.99805742,433.68,343.019,0.474518007,1.793710918,0.263540431,4.919750654,1499.996452,1261.207568,0.840807034,410.0460323,427.3189032,27.65026774,21.0866,600.001129,84.31291935,0.099998216,28.57365484,27.45327742,1499.996452,0.973007581,0.0269925,613.9300645,5.0001,1454.644839,40.3516129,613.9303077,0.656478631,5.070085483,9857.133077,633.937,231.456,25.0002,33.9822,29.9998,34.1109,34.143
9,1474.9,0.00655565,19.04043181,599.4044839,511.0691256,0.445079106,2.521682784,0.405597156,0.25675302,241.667196,28.23138384,27.47051935,3.679270058,60.31725058,2.363699298,3.918778253,1.315570759,-289.1041708,147.0823052,12.71544905,112.3607794,159.0757692,1.5088,-157.5669692,-104.4319785,0.74432934,616.1023077,802.446,0.232219604,0.5,1261.213793,19.04043181,146.4392837,0.462842359,0.014506742,-0.998119749,431.04,371.406,0.501725046,1.864677583,0.289636796,5.083154191,1500.003226,1261.213793,0.840807387,599.4044839,622.3743548,28.00071935,21.62864516,600.0012258,84.31565161,0.100011729,28.5524129,27.47051935,1500.003226,0.972995065,0.027004832,616.1014839,5.0001,1454.630645,40.36935484,616.1023077,1.655384615,36.68752142,9896.574231,633.938,232.251,24.9996,33.8629,29.9999,33.9909,34.0206
10,1666.4,0.006172314,21.29988537,819.4171935,711.8147933,0.417270719,2.521531453,0.382359329,0.241867354,241.667616,28.32177969,27.49980323,3.685580641,60.60587788,2.371703106,3.913321924,1.313877535,-272.1990549,139.8304648,12.08955864,121.3885846,159.0757692,1.5088,-157.5669692,-104.4319785,0.74432934,616.8261154,812.518,0.240846215,0.5,1261.217913,21.29988537,151.8797801,0.469550213,0.01629818,-0.998143057,431,381.518,0.512929625,1.888302252,0.299478478,5.147076218,1500.008387,1261.217913,0.840807241,819.4171935,845.7749677,28.09407419,22.09512258,599.9957097,84.32007097,0.099977535,28.52841613,27.49980323,1500.008387,0.973003548,0.026996352,616.8167097,5.0001,1454.646129,40.36225806,616.8261154,-0.443111109,35.11145292,9962.385769,633.745,233.046,24.9999,33.7311,29.9997,33.8559,33.8862
11,1850.9,0.00581688,22.54456068,1199.204806,1070.081394,0.387377835,2.522192212,0.357102243,0.225711536,241.6632204,28.44029644,27.55256774,3.696975075,60.55004285,2.371229683,3.916148647,1.325745392,-256.5244165,134.3833092,11.6193326,131.1414457,159.0757692,1.5088,-157.5669692,-104.4319785,0.74432934,616.6304231,807.48,0.236352079,0.5,1261.198035,22.54456068,149.043389,0.469732996,0.017285336,-0.998131471,428.18,379.3,0.503162607,1.88897493,0.294337341,5.115102511,1499.985161,1261.198035,0.840807008,1199.204806,1228.725161,28.08764516,22.43411613,599.9966774,84.32255806,0.099958306,28.54085161,27.55256774,1499.985161,0.973009581,0.026990168,616.6174839,5.0001,1454.635161,40.35,616.6304231,-0.720034173,144.6017095,10310.79231,633.088,234.314,25.0002,33.5765,29.9998,33.706,33.7354
12,2042.4,0.005492431,23.08187167,1599.297839,1449.485249,0.358544304,2.521088003,0.332434768,0.209958905,241.6663829,28.5470524,27.60232903,3.707749121,60.30743542,2.363089828,3.918405436,1.344659293,-242.2162151,128.9097227,11.15425974,139.5141503,159.0757692,1.5088,-157.5669692,-104.4319785,0.74432934,618.1281538,803.573,0.230775357,0.5,1261.214333,23.08187167,145.5285941,0.465288157,0.017711139,-0.998122386,429.68,373.893,0.495983734,1.873232483,0.287735676,5.090306705,1500.004516,1261.214333,0.840807024,1599.297839,1631.163548,27.99131935,22.65266129,600.0036774,84.32220968,0.100028442,28.55077419,27.60232903,1500.004516,0.973006581,0.02699341,618.1497742,5.0001,1454.652581,40.35129032,618.1281538,-6.389675215,132.3897437,10879.72308,632.935,235.156,24.9997,33.4103,29.9997,33.5389,33.5673
13,2243.4,0.004713912,12.32921247,412.1225161,338.1753756,0.323563067,2.521703725,0.302141402,0.190644716,121.9203307,27.78727789,26.96035806,3.57083491,59.30894797,2.29956665,3.877267645,1.27126826,-207.883518,191.5203489,16.49992368,122.0570852,159.0757692,1.5088,-157.5669692,-104.4319785,0.74432934,592.1029231,966.369,0.387291063,0.5,631.1957864,12.32921247,122.2282434,0.543942324,0.018353866,-0.998438692,440.72,525.649,0.712007589,2.196802358,0.463606113,6.12349279,750.0138387,631.1957864,0.841578853,412.1225161,426.3945161,27.24023871,22.65470968,599.9967097,84.3180129,0.099993658,28.3691129,26.96035806,750.0138387,0.947015355,0.052984997,592.054,5.0001,705.5393548,39.47193548,592.1029231,8.699965838,93.42632485,6654.507692,632.462,233.31,24.9991,33.2147,29.9997,33.3447,33.3732
14,2426.4,0.004694212,9.415169503,300.2563871,245.0587873,0.329181044,2.521001132,0.307030609,0.193759913,121.9151302,27.71071482,26.91104194,3.560502148,59.98703418,2.314763034,3.858772259,1.245739114,-207.0147677,186.9945991,16.1039329,117.9988945,159.0757692,1.5088,-157.5669692,-104.4319785,0.74432934,585.7425,902.437,0.35093253,0.5,631.1663239,9.415169503,110.7483976,0.511057282,0.013737805,-0.998328083,441.24,461.197,0.686679445,2.048815731,0.426030424,5.717747853,749.9784839,631.1663239,0.841579242,300.2563871,311.081,27.42067742,22.85519355,600.0013226,84.31668065,0.100016961,28.28689032,26.91104194,749.9784839,0.947006129,0.052994181,585.7123871,5.0001,705.5,39.48,585.7425,4.827042731,84.13435899,6667.618077,632.359,233.817,24.9996,33.007,29.9996,33.1451,33.172
15,2576.9,0.004704192,6.172606565,205.0522258,169.6164684,0.338745576,2.522289889,0.315349396,0.199060605,121.9172801,27.65685001,26.90156452,3.558519423,60.90704435,2.343280166,3.847305663,1.215239257,-207.4548734,181.4237036,15.61145683,111.4975672,159.0757692,1.5088,-157.5669692,-104.4319785,0.74432934,578.8641538,824.167,0.297637307,0.5,631.1774058,6.172606565,93.93097155,0.473140759,0.00860024,-0.998169303,434.22,389.947,0.629067145,1.901171497,0.368825861,5.221006687,749.9916452,631.1774058,0.841579249,205.0522258,212.1894839,27.75889677,23.18525806,599.9960968,84.31546452,0.100000023,28.23574194,26.90156452,749.9916452,0.947001161,0.052999113,578.8635484,5.0001,705.5080645,39.48064516,578.8641538,1.291282041,-29.94769228,6628.846538,632.299,234.006,24.9996,32.8224,29.9996,32.9648,32.9907
16,2764.4,0.004737786,1.968287492,100.3093871,88.75924563,0.357148387,2.52053603,0.331228652,0.209189719,121.9175002,27.61298412,26.90504839,3.559248155,62.35418166,2.394290326,3.839823189,1.164957829,-208.9363592,176.2789328,15.17703179,104.4371056,159.0757692,1.5088,-157.5669692,-104.4319785,0.74432934,589.3983077,759.447,0.223911204,0.5,631.1761349,1.968287492,70.66370422,0.419972691,0.001939171,-0.998013291,440.5,318.947,0.533156582,1.726545316,0.283239242,4.810260702,749.9898065,631.1761349,0.841579618,100.3093871,102.7529032,28.36116452,23.75777742,600.003871,84.32142258,0.100016642,28.20229355,26.90504839,749.9898065,0.946996194,0.053004035,589.4335806,5.0001,705.5012903,39.49,589.3983077,-0.198290586,-25.96512825,6649.249231,632.708,234.35,24.9997,32.5691,29.9995,32.7185,32.7427
17,2946.4,0.004774125,-0.093001483,50.19972258,49.54650739,0.380783094,2.52332975,0.351499925,0.222130469,121.9203359,27.53194775,26.85836774,3.549494639,63.89506457,2.443367239,3.824031255,1.1061274,-210.5389076,173.1958076,14.88634279,99.46357867,159.0757692,1.5088,-157.5669692,-104.4319785,0.74432934,604.8750385,744.965,0.188049051,0.5,631.1903585,-0.093001483,59.34737407,0.410468948,-0.00132659,-0.99797467,439.18,305.785,0.458132222,1.698663746,0.239106565,4.718350576,750.0066452,631.1903585,0.841579688,50.19972258,50.34638065,28.93743226,24.30146452,600.0008065,84.33623871,0.099975868,28.1315129,26.85836774,750.0066452,0.946991226,0.053008958,604.8776129,5.0001,705.5145161,39.49258065,604.8750385,-0.285299151,-18.67487183,6717.330769,632.596,235.446,24.9996,32.2906,29.9994,32.4468,32.4702
18,3128,0.004759156,12.79035891,409.2079032,347.0859013,0.404264741,2.522115169,0.371410958,0.234860732,121.9175304,27.49132631,26.80898387,3.539201714,65.43599275,2.495773768,3.814068777,1.043427946,-209.8787631,173.7379139,14.93310743,100.7097886,159.0757692,1.5088,-157.5669692,-104.4319785,0.74432934,625.617,1024.63,0.389421547,0.5,631.1758832,12.79035891,122.8967445,0.560290056,0.01908506,-0.998527468,450.54,574.09,0.695035622,2.278508041,0.460991335,6.493246681,749.9894516,631.1758832,0.841579681,409.2079032,423.9458065,29.55396452,24.93544194,599.9975484,84.34803226,0.099987126,28.08672903,26.80898387,749.9894516,0.946986968,0.053013177,625.5310968,5.0001,705.4948387,39.49129032,625.617,19.15692307,99.15008543,6794.102308,632.618,237.03,24.9998,32.0187,29.9996,32.1759,32.1983
19,3317,0.004642927,13.27680398,409.9806452,347.0929421,0.412053818,2.522573043,0.377984591,0.239066173,121.9161549,27.4756418,26.80046774,3.537429361,66.72351843,2.537411831,3.802874745,1.00001753,-204.7530592,168.0676728,14.43886213,99.66963054,159.0757692,1.5088,-157.5669692,-104.4319785,0.74432934,628.6695,1036.68,0.393574198,0.5,631.1664317,13.27680398,124.2054112,0.560713045,0.019856054,-0.998544585,455.4,581.28,0.70191732,2.28065933,0.464914008,6.5697221,749.9779032,631.1664317,0.841580037,409.9806452,425.1609355,30.04642903,25.5430129,600.0009355,84.34972581,0.099971316,28.0362871,26.80046774,749.9779032,0.946984129,0.05301599,628.654871,5.0001,705.4822581,39.5,628.6695,3.059247858,22.26017092,6734.892692,632.005,238.608,25,31.7549,29.9995,31.9005,31.9234
20,3505.5,0.0042891,12.64580065,409.9697419,346.8710633,0.388156398,2.522433838,0.357766767,0.226136016,121.919701,27.51937898,26.76809032,3.530698133,67.42301532,2.554785163,3.789188529,0.975912971,-189.1493316,164.0506574,14.08790126,110.908928,159.0757692,1.5088,-157.5669692,-104.4319785,0.74432934,637.2071923,1053.62,0.395221055,0.5,631.1850521,12.64580065,124.728811,0.568383288,0.018855756,-0.998567985,454.76,598.86,0.695342497,2.321254086,0.465502759,6.677231942,750.0000645,631.1850521,0.841579997,409.9697419,424.3739355,30.25327097,26.09393226,600.0003548,84.3466,0.099976545,27.97443871,26.76809032,750.0000645,0.946982,0.0530181,637.1644194,5.0001,705.5012903,39.5,637.2071923,4.521059824,-25.91076922,6679.945,678.907,201.569,24.9995,31.504,29.9996,31.6375,31.6635
21,3686,0.004425408,17.06141745,599.7087419,520.8790622,0.428475071,2.522440375,0.391763978,0.247888189,121.9197652,27.40675471,26.71292903,3.519255917,68.89914044,2.599791888,3.77332993,0.919464029,-195.16049,161.7734726,13.88349601,102.4162438,159.0757692,1.5088,-157.5669692,-104.4319785,0.74432934,677.7270385,1174.86,0.423142299,0.5,631.1903953,17.06141745,133.5416775,0.596292324,0.025851293,-0.998715762,474.3,700.56,0.709622247,2.481753467,0.489408032,7.446682549,750.0070968,631.1903953,0.84157923,599.7087419,619.4239032,30.78277419,26.49363871,600.0064516,84.35603871,0.100023352,27.90252903,26.71292903,750.0070968,0.947002065,0.052997813,677.6214194,5.0001,705.5229032,39.48096774,677.7270385,8.351829066,15.24957255,6857.048077,631.688,241.591,24.9997,31.2893,29.9995,31.4045,31.4277
22,3867,0.004251179,18.82565462,819.2735806,729.9402863,0.427920324,2.523263352,0.391310733,0.247596904,121.9191212,27.36699406,26.65568387,3.507415685,69.8920452,2.623156194,3.753154149,0.88425949,-187.4769826,157.1163991,13.46938535,105.027923,159.0757692,1.5088,-157.5669692,-104.4319785,0.74432934,680.0287308,1179.83,0.423621428,0.5,631.1907096,18.82565462,133.6929548,0.5966029,0.028646374,-0.998721172,475.94,703.89,0.710055931,2.483650316,0.489639185,7.478224692,750.0079677,631.1907096,0.841578672,819.2735806,841.5820645,31.05825161,26.93911613,600.0013226,84.35922903,0.100006697,27.81066129,26.65568387,750.0079677,0.947020871,0.052978894,680.0094516,5.0001,705.5383871,39.46709677,680.0287308,0.423760687,-33.56410266,6756.735769,631.015,243.194,25.002,31.0769,29.9998,31.1746,31.1996
23,4045.5,0.00444189,19.98966232,1199.113516,1097.709117,0.427630352,2.522067161,0.391052337,0.247432844,121.9146016,27.72460152,27.14942903,3.610692188,69.88778808,2.687158838,3.844961919,0.923533351,-195.8873436,146.2818889,12.60352371,84.91267049,159.0757692,1.5088,-157.5669692,-104.4319785,0.74432934,669.0430769,1159.16,0.422820769,0.5,631.1606358,19.98966232,133.4339128,0.588805687,0.030491973,-0.998698368,476.64,682.52,0.718098991,2.436487438,0.490075644,7.347042376,749.9713226,631.1606358,0.841579694,1199.113516,1224.429355,31.81787419,27.51734194,600.0036452,84.35435806,0.100021923,28.22527097,27.14942903,749.9713226,0.946985548,0.053014584,669.1751935,5.0001,705.4770968,39.49064516,669.0430769,-13.16239318,-140.4574361,6583.060769,630.174,244.279,25.0032,31.2085,30.001,31.1896,31.227
24,4232.5,0.004389229,20.41919136,1599.379613,1483.584759,0.40410658,2.521242068,0.371267001,0.234769589,121.9195508,27.90878179,27.32259677,3.64753711,69.19015362,2.686537105,3.882831536,0.961000005,-193.5650183,145.6008844,12.57035555,86.52577242,159.0757692,1.5088,-157.5669692,-104.4319785,0.74432934,662.8269231,1132.6,0.414774039,0.5,631.1862141,20.41919136,130.8998278,0.582571075,0.031171248,-0.998667844,472.78,659.82,0.711971563,2.400085556,0.482548931,7.178479129,750.0017097,631.1862141,0.8415797,1599.379613,1626.81871,31.81061613,27.56103226,600.0030323,84.35409355,0.100011135,28.39378065,27.32259677,750.0017097,0.946989097,0.053011068,662.885,5.0001,705.5087097,39.49258065,662.8269231,-9.303316251,-92.50290605,6428.528846,629.319,244.341,24.9996,31.644,30.0009,31.4883,31.5363
25,4433.5,0.003772354,10.21399583,412.0258065,352.6533036,0.333801294,2.522182247,0.311057624,0.196325157,61.93388129,27.50814761,26.86012581,3.549861548,66.68999036,2.562659843,3.842645394,0.987201705,-166.3608074,184.2188189,15.84772923,95.63962212,159.0757692,1.5088,-157.5669692,-104.4319785,0.74432934,688.9583846,1626.3,0.576364518,0.5,316.1150457,10.21399583,91.09874796,0.693992498,0.029956393,-0.99907225,497.66,1128.64,0.830505401,3.274790427,0.638853691,10.31175003,375.0055484,316.1150457,0.842960983,412.0258065,423.7940323,30.34237419,26.68450645,600.0039355,84.35810323,0.100015523,28.21491613,26.86012581,375.0055484,0.899967387,0.100032597,688.8947419,5.0001,332.9932258,37.01290323,688.9583846,6.476786332,-32.8878632,3960.261923,628.721,242.606,24.9983,31.8918,30.0002,31.7369,31.7836
26,4614,0.00361728,7.910128563,300.2327097,251.5162518,0.309569822,2.522739964,0.289908078,0.182854916,61.92982232,27.35799806,26.63345806,3.502828019,65.44815,2.486328939,3.798929289,1.01649908,-159.5220527,188.3708827,16.16714965,106.945802,159.0757692,1.5088,-157.5669692,-104.4319785,0.74432934,673.5491538,1518.28,0.556373558,0.5,316.0942281,7.910128563,87.93323523,0.676778987,0.02266982,-0.999006244,490.74,1027.54,0.822090474,3.100315761,0.621489271,9.626200259,374.9808387,316.0942281,0.842961014,300.2327097,309.2289032,29.43717097,25.92635806,599.9973871,84.36223548,0.09998889,28.01847742,26.63345806,374.9808387,0.899967387,0.100032597,673.4180968,5.0001,332.9716129,37.01096774,673.5491538,8.151863239,-37.60307696,3694.648077,629.167,243.02,24.9987,31.8739,29.9998,31.7899,31.8284
27,4796.9,0.003575804,5.357329576,204.9791935,171.0472824,0.300347046,2.523023497,0.281803686,0.177697864,61.93376799,27.18495276,26.43037419,3.461151193,64.57420486,2.426739605,3.758063472,1.034411587,-157.6929737,190.7943645,16.34155931,111.3767182,159.0757692,1.5088,-157.5669692,-104.4319785,0.74432934,635.3495385,1300.34,0.511397374,0.5,316.1147419,5.357329576,80.83012447,0.636141317,0.014592803,-0.998839688,473.14,827.2,0.803905297,2.753912803,0.58267879,8.243042348,375.0052258,316.1147419,0.842960898,204.9791935,211.0695161,28.73093548,25.25785161,599.9972903,84.36436452,0.099979042,27.83305484,26.43037419,375.0052258,0.899975419,0.100024555,635.3063226,5.0001,332.9951613,37.01193548,635.3495385,4.066256412,-56.334359,3357.933846,629.688,243.938,24.9984,31.7029,29.9996,31.6983,31.7306
28,4978.4,0.003621458,1.771771506,100.3046452,88.53507047,0.303731005,2.522639464,0.284778891,0.179590945,61.93527064,26.99907319,26.24374194,3.42323303,64.13357131,2.386077861,3.72048182,1.037155169,-159.7062908,192.7443507,16.48150799,111.4548385,159.0757692,1.5088,-157.5669692,-104.4319785,0.74432934,578.72,999.886,0.421214018,0.5,316.1224834,1.771771506,66.57761076,0.55666946,0.003250139,-0.998491028,443.28,556.606,0.756668092,2.259941798,0.500904942,6.336208692,375.0144194,316.1224834,0.842960876,100.3046452,102.4396774,28.24999677,24.73082581,599.9967097,84.36296774,0.099975032,27.66097419,26.24374194,375.0144194,0.899975419,0.100024555,578.7392581,5.0001,333.003871,37.01258065,578.72,-2.953094015,-57.29914528,2977.756154,630.168,244.58,24.9988,31.4374,29.9993,31.4991,31.5252
29,5157.4,0.00369765,-0.092096621,50.13169355,49.63433584,0.31465117,2.52230919,0.294358128,0.185687907,61.93210152,26.82255795,26.07335161,3.388932051,64.11405708,2.364024971,3.687217872,1.02490708,-163.0663681,195.0049417,16.64999213,110.5206672,159.0757692,1.5088,-157.5669692,-104.4319785,0.74432934,565.5488462,870.647,0.350426928,0.5,316.1078391,-0.092096621,55.38634954,0.503472705,-0.002646015,-0.998267036,432.3,438.347,0.696019715,2.017539355,0.428766848,5.51599237,374.9972581,316.1078391,0.842960401,50.13169355,50.22496774,27.98786774,24.39365484,599.9912903,84.3660871,0.099974874,27.50739355,26.07335161,374.9972581,0.899983452,0.100016513,565.5862903,5.0001,332.9903226,37.00451613,565.5488462,-2.012649578,-76.24341876,2772.636923,630.422,245.945,24.999,31.1201,29.9993,31.2287,31.2523
30,5335.4,0.00385855,10.2020957,409.3301935,350.3986444,0.336805408,2.522598934,0.313669277,0.19798939,61.93532338,26.71405092,25.99407419,3.373075438,64.48369491,2.36924753,3.674180789,1.003827908,-170.162045,197.5779696,16.85595236,106.2072003,159.0757692,1.5088,-157.5669692,-104.4319785,0.74432934,700.9127308,1593.82,0.560230935,0.5,316.1241436,10.2020957,88.55126231,0.683176268,0.029917887,-0.999053344,504.96,1088.86,0.820038636,3.162791548,0.622345956,10.10561546,375.0165806,316.1241436,0.842960445,409.3301935,421.1113548,28.04694516,24.29672903,600.0180968,84.37421613,0.100136303,27.44687097,25.99407419,375.0165806,0.899983452,0.100016513,700.8100323,5.0001,333.0083871,37.00709677,700.9127308,24.12953847,-34.01162395,3020.078462,630.262,247.821,25.0029,30.8373,29.9999,30.9573,30.9803
31,5518.4,0.004020885,10.53148003,409.9706774,350.6873682,0.346679706,2.522874476,0.322222376,0.203442413,61.93413899,26.77330028,26.12117097,3.398528047,64.37873736,2.380329043,3.697383858,1.018199004,-177.321047,194.9459771,16.64912961,96.20819867,159.0757692,1.5088,-157.5669692,-104.4319785,0.74432934,719.821,1672.37,0.569580296,0.5,316.1166931,10.53148003,90.02691984,0.693835694,0.030960563,-0.999097807,512.02,1160.35,0.820915241,3.272917813,0.629453929,10.60413365,375.0075484,316.1166931,0.84296088,409.9706774,422.1505161,28.17457097,24.267,600.0042581,84.38496452,0.100050203,27.55445806,26.12117097,375.0075484,0.899975419,0.100024555,719.8015806,5.0001,332.9974194,37.01193548,719.821,2.51411966,-20.62974355,2709.889231,629.754,248.429,24.9996,30.8807,30.0003,30.9109,30.9428
32,5668.9,0.003989138,10.65524068,409.9634194,351.0056313,0.352180029,2.522765396,0.326969713,0.206470531,61.93358215,26.64430817,25.95999355,3.366278765,64.63143798,2.370402766,3.667569283,0.995875998,-175.9209714,198.0420253,16.88894581,100.9435819,159.0757692,1.5088,-157.5669692,-104.4319785,0.74432934,728.2955,1698.63,0.571245357,0.5,316.113961,10.65524068,90.28931619,0.694589169,0.031352337,-0.999111755,518.78,1179.85,0.822421918,3.280911831,0.630269776,10.77079294,375.0043226,316.113961,0.842960846,409.9634194,422.2540645,28.05365484,24.17642581,599.9998065,84.39534194,0.099986029,27.41610645,25.95999355,375.0043226,0.899970065,0.100029916,728.2766129,5.0001,332.9929032,37.01096774,728.2955,4.232581191,10.83760683,2725.256923,629.666,249.075,24.9983,30.8676,29.9998,30.8812,30.912
33,5819.4,0.00383668,13.13649087,599.6646129,524.2203543,0.345324661,2.5236416,0.321057795,0.202699116,61.93307692,26.48803167,25.74399355,3.323479556,64.77070611,2.347571451,3.624433934,0.975908105,-169.197603,200.0274229,17.01669505,109.7795918,159.0757692,1.5088,-157.5669692,-104.4319785,0.74432934,752.0724615,1811.85,0.584914611,0.5,316.1111346,13.13649087,92.44901072,0.701432238,0.039201914,-0.99916726,540.96,1270.89,0.833886126,3.355894287,0.641211315,11.48934456,375.0009355,316.1111346,0.842960923,599.6646129,615.1019032,27.78170323,24.05159355,599.9969677,84.40067419,0.099956755,27.21419355,25.74399355,375.0009355,0.899959355,0.100040639,751.9985484,5.0001,332.986129,37.01129032,752.0724615,6.668239309,19.71042736,2803.056538,629.869,250.406,24.9981,30.6945,29.9995,30.7443,30.771
34,6004.9,0.003550156,14.37814351,819.2499032,728.4798055,0.319995386,2.523492512,0.299040921,0.188668786,61.93475881,26.32399817,25.50875806,3.27741037,64.59674935,2.307240921,3.571760103,0.970169449,-156.5618599,198.0850618,16.81157209,120.2695327,159.0757692,1.5088,-157.5669692,-104.4319785,0.74432934,756.9772308,1850.46,0.590924834,0.5,316.121846,14.37814351,93.40212475,0.703857419,0.043128352,-0.999184635,548,1302.46,0.839551901,3.383313766,0.646501693,11.73438322,375.0139355,316.121846,0.842960264,819.2499032,836.5366452,27.30049355,23.84723226,599.9953548,84.41281935,0.099972216,26.96476774,25.50875806,375.0139355,0.89999,0.100010077,756.969871,5.0001,333.0077419,37.00451613,756.9772308,1.930871794,-1.357606836,2810.926538,630.027,251.921,24.9983,30.3303,29.9992,30.4466,30.4672
35,6187.9,0.003266835,15.13738707,1199.278,1088.656049,0.28774385,2.523053428,0.270676819,0.170621996,61.93162203,26.21964059,25.34029032,3.244760952,63.92663286,2.258106562,3.532340843,0.98665439,-144.0674048,195.2888925,16.54747389,129.7005836,159.0757692,1.5088,-157.5669692,-104.4319785,0.74432934,747.8157308,1821.69,0.589493421,0.5,316.1090947,15.13738707,93.17211575,0.701442068,0.045531932,-0.999171758,543.88,1277.81,0.840402148,3.355969491,0.64589503,11.55179419,374.9992581,316.1090947,0.842959254,1199.278,1218.333226,26.72262903,23.54309355,600.000129,84.40167097,0.099990868,26.77599677,25.34029032,374.9992581,0.900033613,0.099966555,747.7970645,5.0001,333.0119355,36.99096774,747.8157308,-0.440444447,-9.27965808,2768.707308,630.045,253.67,24.9981,29.8567,29.999,30.0354,30.0514
36,6366.9,0.003036493,15.52028908,1599.43929,1466.249043,0.25391199,2.524065399,0.240527196,0.151473245,61.93078759,26.16093437,25.20566452,3.218874816,62.361572,2.186336207,3.505902974,1.032538608,-133.909321,196.318007,16.6061421,140.9456157,159.0757692,1.5088,-157.5669692,-104.4319785,0.74432934,738.1289615,1774.66,0.584073027,0.5,316.1043394,15.52028908,92.3140092,0.696539055,0.046743932,-0.999149809,538.54,1236.12,0.838535934,3.301765707,0.64158279,11.25331793,374.9935484,316.1043394,0.842959408,1599.43929,1619.816129,25.87617742,22.91827742,600.004,84.39222581,0.100014755,26.64835806,25.20566452,374.9935484,0.900022903,0.099977239,738.1932581,5.0001,333.0012903,36.99193548,738.1289615,-6.427863246,-26.10529919,2724.598462,629.673,255.232,24.9986,29.3643,29.9991,29.5825,29.5958
37,6565.5,0.002570193,4.185411703,411.9756452,369.7590682,0.204255406,2.522225663,0.195490808,0.122937878,20.62629089,25.82520637,24.87274516,3.155633775,59.99180784,2.079253401,3.465895554,1.076380374,-113.345528,214.9618428,18.1483317,140.3909373,159.0757692,1.5088,-157.5669692,-104.4319785,0.74432934,652.538,2040.94,0.680275755,0.5,105.3626844,4.185411703,35.83783986,0.728252668,0.032659403,-0.999260733,554.62,1486.32,0.934120512,3.687199247,0.73778011,12.94326603,125.0028387,105.3626844,0.842882334,411.9756452,417.2199032,24.61012258,22.1031871,600.0012258,84.38772581,0.100004552,26.4536,24.87274516,125.0028387,0.899940516,0.100059419,652.5687419,5.0001,107.9958065,12.01032258,652.538,-3.448957264,-6.442153848,821.9164231,628.894,254.086,24.9992,28.8414,29.9992,29.0745,29.086
38,6743.5,0.002357519,3.615563068,300.2337742,260.7373093,0.179089187,2.522572772,0.17231367,0.108283439,20.62580455,25.75072006,24.76177097,3.134795916,58.58406707,2.013989884,3.437777513,1.120806032,-103.966588,211.3081022,17.81510213,145.7824209,159.0757692,1.5088,-157.5669692,-104.4319785,0.74432934,658.9431923,2073.76,0.68224713,0.5,105.3622067,3.615563068,35.94153155,0.730065196,0.027251078,-0.999272433,559.78,1513.98,0.93450165,3.711907761,0.738929576,13.15155841,125.0025484,105.3622067,0.84288047,300.2337742,304.5571613,23.8355129,21.53417742,599.9976129,84.39534516,0.099999755,26.31554194,24.76177097,125.0025484,0.899965194,0.100034732,658.9285484,5.0001,107.9977419,12.00193548,658.9431923,1.298905988,-1.964854688,820.847,628.155,254.73,24.999,28.4084,29.9993,28.6381,28.6524
39,6921,0.002082535,2.507747086,205.0624194,173.4733743,0.15116185,2.52342661,0.146305479,0.091864253,20.62389021,25.69879656,24.65125806,3.114164287,57.09575209,1.94732886,3.410637024,1.166835427,-91.83977573,208.1576012,17.5219844,154.4637001,159.0757692,1.5088,-157.5669692,-104.4319785,0.74432934,673.0121538,2101.83,0.679797056,0.5,105.3527117,2.507747086,35.80923163,0.732861364,0.016738228,-0.999282149,561.48,1540.35,0.92759298,3.750766468,0.735459907,13.32970489,124.9913226,105.3527117,0.842880206,205.0624194,207.9972258,23.04392258,21.00937097,599.998,84.4051,0.0999947,26.18134516,24.65125806,124.9913226,0.899989871,0.100010045,673.0279355,5.0001,107.9909677,12,673.0121538,0.775316249,-2.808170948,829.9460385,685.971,208.044,24.9995,28.001,29.9993,28.2205,28.2333
40,7103,0.0023468,1.074831818,100.2272581,87.43030678,0.167002291,2.523352319,0.161096011,0.10119826,20.62694131,25.74654931,24.82810645,3.147237362,56.84208015,1.953234768,3.43624787,1.194002594,-103.49388,201.3236332,16.97308391,135.4297784,159.0757692,1.5088,-157.5669692,-104.4319785,0.74432934,680.9071538,2044.91,0.667023412,0.5,105.3685356,1.074831818,35.1416401,0.732868439,0.003136633,-0.999262168,546.26,1498.65,0.91015437,3.751072416,0.723288836,12.96846166,125.010129,105.3685356,0.842879985,100.2272581,101.5372903,23.11178387,20.81924516,600.0059032,84.41246129,0.100044506,26.30800323,24.82810645,125.010129,0.900014548,0.099985358,680.8990645,5.0001,108.0096774,12.00096774,680.9071538,-2.033504278,-3.637333336,835.0283077,626.629,256.363,25.0028,27.7546,30.0004,27.9175,27.9375
41,7253.5,0.002520919,-0.157553731,50.15526774,50.43827779,0.179778939,2.522973448,0.17295324,0.108687445,20.61977733,25.78901639,24.9164129,3.163866487,56.99457314,1.96943715,3.455481885,1.194429337,-111.1725299,202.146812,17.06071023,128.6547697,159.0757692,1.5088,-157.5669692,-104.4319785,0.74432934,662.1303846,1798.59,0.631861411,0.5,105.3310859,-0.157553731,33.27732428,0.709850494,-0.008562364,-0.999161121,521.86,1276.73,0.890133086,3.453592881,0.693168497,11.40518986,124.9655806,105.3310859,0.842880778,50.15526774,50.12415161,23.30332903,20.84117419,600.0044839,84.4131129,0.10001171,26.40258387,24.9164129,124.9655806,0.899973419,0.100026503,662.116871,5.0001,107.966129,12,662.1303846,-2.945299133,-4.807726492,812.716,624.877,256.824,24.9998,27.8219,30.0003,27.8848,27.9113
42,7404,0.002627438,4.520356157,409.3465161,362.5087296,0.19602222,2.523405012,0.187938526,0.118160088,20.6237266,25.65273051,24.75862903,3.134207703,57.9002623,1.988427916,3.434229547,1.145779788,-115.8700053,209.4258358,17.64875566,131.8283128,159.0757692,1.5088,-157.5669692,-104.4319785,0.74432934,660.4070769,2111.2,0.687188766,0.5,105.351626,4.520356157,36.19822693,0.733374384,0.035842131,-0.999285335,562.9,1548.3,0.937023137,3.757969843,0.743186781,13.38917167,124.99,105.351626,0.842880438,409.3465161,414.9423548,23.52667097,20.96107097,600.0053548,84.41799032,0.100041081,26.29805161,24.75862903,124.99,0.899989871,0.100010045,660.3644516,5.0001,107.99,12.00096774,660.4070769,4.811418798,6.407623922,810.2875769,625.389,258.299,24.9989,27.8373,30,27.8591,27.8868
43,7582,0.002426726,4.486152874,409.9825161,360.7462008,0.182207346,2.523828018,0.175202142,0.110108288,20.62257504,25.54091806,24.61937097,3.108233399,58.02737131,1.972670416,3.399551576,1.135562983,-107.0185961,205.0348922,17.24883473,135.8877059,159.0757692,1.5088,-157.5669692,-104.4319785,0.74432934,667.8159615,2138.64,0.68773802,0.5,105.3458494,4.486152874,36.22517294,0.734588337,0.035519421,-0.999294505,567.62,1571.02,0.936222351,3.775108495,0.743003948,13.56331984,124.9831613,105.3458494,0.84288034,409.9825161,415.4635484,23.3384129,20.96833871,600.0039032,84.4246,0.100017158,26.12626452,24.61937097,124.9831613,0.899998097,0.100001816,667.8213226,5.0001,107.9851613,12,667.8159615,1.360444461,1.308239358,815.6261538,625.134,259.493,24.9989,27.7123,29.9996,27.7514,27.7768
44,7732.5,0.002298919,4.488220685,409.9804839,358.7983008,0.173404967,2.523805385,0.167047497,0.10495646,20.62667918,25.44874305,24.50154839,3.086404359,58.03575856,1.957805543,3.373446978,1.128598815,-101.3823261,203.3313832,17.08434556,139.6600818,159.0757692,1.5088,-157.5669692,-104.4319785,0.74432934,668.299,2142.51,0.688076602,0.5,105.3674706,4.488220685,36.25044556,0.735291784,0.035531757,-0.999295779,567.14,1575.37,0.935787148,3.785154001,0.743261852,13.58788083,125.0089032,105.3674706,0.84287973,409.9804839,415.4112258,23.16106129,20.91538387,599.9989677,84.43004516,0.099999419,25.99593548,24.50154839,125.0089032,0.900031,0.0999689,668.3001935,5.0001,108.0116129,12,668.299,1.077880343,-0.640581192,814.2592692,625.134,260.68,24.999,27.5247,29.9995,27.5935,27.6164
45,7883,0.002239413,5.271989907,599.6419032,535.5226585,0.168441354,2.524411069,0.162437238,0.102044889,20.62482688,25.39924296,24.44607742,3.076173709,57.89915172,1.945425435,3.360024072,1.130748274,-98.75812718,201.7623934,16.93797878,140.5670719,159.0757692,1.5088,-157.5669692,-104.4319785,0.74432934,664.1574615,2146.76,0.690623329,0.5,105.3579112,5.271989907,36.38131569,0.735992845,0.042974092,-0.999297173,566.76,1580,0.938356037,3.795217418,0.745894401,13.61485348,124.9975484,105.3579112,0.842879821,599.6419032,606.2567097,23.01452581,20.82666129,600.0026774,84.43031935,0.100009513,25.92857742,24.44607742,124.9975484,0.900031,0.0999689,664.1542581,5.0001,108.0016129,11.99935484,664.1574615,0.790017111,2.705914515,807.1068462,625.187,261.841,25.0004,27.3101,29.9996,27.402,27.4229
46,8064,0.002112361,5.71513787,819.305129,736.6850893,0.146427563,2.524275927,0.141867168,0.089064882,20.62561967,25.73442985,24.84072581,3.149609045,56.40220676,1.928723489,3.4195887,1.220885555,-93.15510286,188.4807429,15.87894666,131.8302063,159.0757692,1.5088,-157.5669692,-104.4319785,0.74432934,661.7711923,2152.04,0.692491221,0.5,105.360525,5.71513787,36.48061931,0.736240962,0.047179041,-0.999298898,567.62,1584.42,0.940576872,3.798778756,0.747764955,13.64836305,125.0004516,105.360525,0.842881155,819.305129,826.7508387,22.81583226,20.75169355,600.0077419,84.43440645,0.100028561,26.22570968,24.84072581,125.0004516,0.89997629,0.100023626,661.7591613,5.0001,107.9983871,12.00516129,661.7711923,0.880581197,0.115897432,804.7519231,624.299,263.064,25.0008,27.3005,30.0003,27.3346,27.3629
47,8214.9,0.001835929,5.989041224,1199.381613,1091.825988,0.1231713,2.523261329,0.119925926,0.075238165,20.62536926,25.82861536,24.87903548,3.156818539,55.56455887,1.901399912,3.42196528,1.255418627,-80.96444821,184.7935006,15.57848282,140.0329045,159.0757692,1.5088,-157.5669692,-104.4319785,0.74432934,659.5710385,2157.75,0.694324626,0.5,105.3606111,5.989041224,36.57723346,0.737022361,0.049778678,-0.999300753,567.44,1590.31,0.942067246,3.810076561,0.74958637,13.6846016,125.0007419,105.3606111,0.842879886,1199.381613,1207.572581,22.49241613,20.69779355,600.0038387,84.43513871,0.100017552,26.23747097,24.87903548,125.0007419,0.900031,0.0999689,659.5369032,5.0001,108.0048387,12,659.5710385,1.41678633,1.545538469,803.0461154,623.632,263.99,24.9992,27.4042,30.0001,27.3831,27.4154
48,8393.9,0.001434112,6.373834358,1599.256161,1450.756396,0.093867381,2.524839025,0.091970883,0.057649003,20.62439999,25.8295966,24.79520968,3.141062077,54.79455643,1.861886637,3.397940888,1.27917544,-63.24431935,180.0908669,15.15707713,152.6280247,159.0757692,1.5088,-157.5669692,-104.4319785,0.74432934,659.153,2162.47,0.695185136,0.5,105.3554918,6.373834358,36.62078592,0.739039154,0.053433427,-0.999302279,564.32,1598.15,0.940660764,3.839584571,0.75038501,13.71455712,124.9946452,105.3554918,0.842880042,1599.256161,1607.923548,22.02473548,20.62220323,599.9971613,84.43618387,0.099979497,26.11824839,24.79520968,124.9946452,0.900031,0.0999689,659.1625806,5.0001,107.9980645,12,659.153,0.749333352,-0.8620513,801.9062692,623.345,265.642,24.999,27.3835,29.9998,27.3732,27.4021
49,8588.9,0.001173007,3.092368359,412.0502581,336.2488211,0.075597925,2.52322265,0.074361805,0.046585505,16.49669461,25.72063669,24.64587419,3.113162213,54.02428323,1.818547208,3.366166284,1.294615005,-51.72959034,178.6854649,15.02513236,158.4777015,159.0757692,1.5088,-157.5669692,-104.4319785,0.74432934,657.8253462,2166.71,0.696394374,0.5,84.29774444,3.092368359,29.35223748,0.733863784,0.027854114,-0.999303645,576.64,1590.07,0.948942282,3.764708296,0.751573484,13.74146631,100.0153839,84.29774444,0.842847782,412.0502581,415.6259677,21.51186774,20.36409355,599.9993871,84.43696129,0.09996639,25.95942903,24.64587419,100.0153839,0.900057258,0.099942742,657.846129,5.0001,85.51935484,9.493870968,657.8253462,-1.428547016,-2.738529968,636.1293077,623.426,264.608,24.999,27.2167,29.9997,27.2488,27.2742
50,8768.4,0.001170376,2.51721335,300.2762903,238.1041835,0.073902669,2.523655123,0.072721098,0.045555272,16.49312756,25.75488442,24.70250645,3.123717032,53.44748608,1.802695664,3.372835276,1.321021368,-51.61359928,175.5609249,14.76655295,155.2070061,159.0757692,1.5088,-157.5669692,-104.4319785,0.74432934,662.8095385,2153.55,0.692224681,0.5,84.27904212,2.51721335,29.17001652,0.73133663,0.021035882,-0.999299389,578.58,1574.97,0.946519909,3.729247275,0.747435308,13.65794627,99.99312903,84.27904212,0.842848333,300.2762903,303.1449355,21.32242258,20.17700323,600.0009355,84.44459032,0.100008568,25.99287097,24.70250645,99.99312903,0.900057258,0.099942742,662.8336774,5.0001,85.5,9.493870968,662.8095385,-2.487384598,-0.381264923,639.0474615,623.422,265.359,25.0022,27.027,30,27.0854,27.1101
51,8947.4,0.001257741,1.785487871,205.0533226,162.2211741,0.076408333,2.524244531,0.075146309,0.047078095,16.49554572,25.95161233,24.96772903,3.173565139,52.67352298,1.800141038,3.417544406,1.373424101,-55.4663735,169.8173492,14.31517787,145.1616993,159.0757692,1.5088,-157.5669692,-104.4319785,0.74432934,671.8424615,2159.13,0.688836494,0.5,84.29169163,1.785487871,29.03159665,0.733225883,0.012351852,-0.9993012,576,1583.13,0.939460144,3.755708007,0.743623606,13.69335979,100.0081774,84.29169163,0.842847993,205.0533226,207.0967097,21.29213226,20.06117419,600.0013871,84.44487742,0.100015335,26.2155871,24.96772903,100.0081774,0.900057258,0.099942742,671.9075484,5.0001,85.51193548,9.493870968,671.8424615,-4.124102568,-3.746119768,648.5443077,622.997,265.396,25,27.1446,30.0004,27.1288,27.1606
52,9122.4,0.001318536,0.630367776,100.1781613,85.20177766,0.081637801,2.523719231,0.080198577,0.050251306,16.4931131,25.83403013,24.81939355,3.14560077,52.86731156,1.796188625,3.397541074,1.349412145,-58.14743683,176.4497665,14.85887313,149.6543159,159.0757692,1.5088,-157.5669692,-104.4319785,0.74432934,689.9436154,2163.4,0.681083657,0.5,84.27913918,0.630367776,28.70057218,0.73507442,-0.001352192,-0.999302579,573.14,1590.26,0.926550617,3.781968514,0.735138738,13.72045937,99.99326774,84.27913918,0.842848135,100.1781613,100.9406129,21.24473226,19.95421613,600.0036774,84.44749032,0.099991994,26.11625806,24.81939355,99.99326774,0.900036484,0.099963516,689.9629355,5.0001,85.49774194,9.492903226,689.9436154,-7.278905986,-5.456410247,665.0833077,622.678,265.959,24.9988,27.2205,30.0001,27.1852,27.2156
53,9272.9,0.001415921,-0.16129367,50.22349677,51.83234898,0.090053041,2.524137641,0.088305521,0.055345134,16.49700165,25.6745704,24.63763226,3.111628726,53.24992109,1.795286564,3.371435163,1.316342161,-62.4421349,183.4678929,15.4230944,152.9458541,159.0757692,1.5088,-157.5669692,-104.4319785,0.74432934,686.5655,2036.01,0.662788739,0.5,84.29885283,-0.16129367,27.93616517,0.729195829,-0.010743005,-0.999258943,551.36,1484.65,0.908931061,3.700094135,0.718962059,12.91197774,100.0166355,84.29885283,0.842848316,50.22349677,50.13331613,21.23378065,19.84793226,600.0033226,84.44858387,0.100022629,25.98585484,24.63763226,100.0166355,0.900046871,0.099953129,686.5939677,5.0001,85.51903226,9.495806452,686.5655,-3.961948691,-3.513538368,661.3298077,623.068,266.558,24.9989,27.1495,29.9998,27.144,27.1705
54,9450.4,0.001619871,3.563810924,409.365871,345.91715,0.107423973,2.523961119,0.104947068,0.065809701,16.49415846,25.48287174,24.43125161,3.073444373,53.98755352,1.806126417,3.345449643,1.267317957,-71.43629863,193.755697,16.26148814,155.0750449,159.0757692,1.5088,-157.5669692,-104.4319785,0.74432934,650.7293462,2182.88,0.701894128,0.5,84.28442076,3.563810924,29.57937,0.739710841,0.03345199,-0.999308803,568.18,1614.7,0.948876357,3.849447793,0.757064656,13.84408935,99.99952581,84.28442076,0.842848204,409.365871,413.5928065,21.36267097,19.77740323,599.9993226,84.44592903,0.099979077,25.85517419,24.43125161,99.99952581,0.900046871,0.099953129,650.634,5.0001,85.50451613,9.493870968,650.7293462,6.679487172,8.126837534,627.8936154,623.713,268.017,24.9992,26.9781,29.9997,27.016,27.0396
55,9628.9,0.001689949,3.447968165,410.0026129,348.5649162,0.108663422,2.524735902,0.106130515,0.066554226,16.49697941,25.60532708,24.62972258,3.110157679,53.43813079,1.802969584,3.373938342,1.307188095,-74.52674562,186.2951197,15.65741931,143.9227728,159.0757692,1.5088,-157.5669692,-104.4319785,0.74432934,658.7133462,2202.61,0.700939637,0.5,84.29928681,3.447968165,29.54435575,0.740144647,0.032071906,-0.999314994,572.36,1630.25,0.947030611,3.855823024,0.755503202,13.96930594,100.0172258,84.29928681,0.842847681,410.0026129,414.1434516,21.32447419,19.67056774,600.001871,84.44930323,0.100007016,25.99839677,24.62972258,100.0172258,0.900078032,0.099921968,658.7301935,5.0001,85.52290323,9.493870968,658.7133462,-0.005982892,-2.581880289,634.3405385,623.426,268.642,25.003,26.8588,30.0004,26.9005,26.926
56,9779.4,0.001797064,3.493472396,409.9616129,349.5321298,0.112915643,2.5232715,0.110181762,0.069103716,16.49581021,25.74085389,24.82379032,3.146426547,53.05419015,1.80785636,3.407565651,1.338570187,-79.25052637,182.6005776,15.38376054,135.229622,159.0757692,1.5088,-157.5669692,-104.4319785,0.74432934,657.2246538,2201.55,0.701471848,0.5,84.29336449,3.493472396,29.56471107,0.738902137,0.032613991,-0.999314665,574.82,1626.73,0.949343374,3.837429305,0.75610518,13.96257865,100.0102065,84.29336449,0.84284762,409.9616129,414.1918065,21.38268387,19.62404839,600.000871,84.44768387,0.0999983,26.1661,24.82379032,100.0102065,0.900067645,0.099932355,657.2122581,5.0001,85.51580645,9.492903226,657.2246538,1.209811971,0.518700954,634.3823077,622.889,268.663,25.0002,27.0061,30.0005,26.9759,27.0071
57,9930,0.001859969,4.175016664,599.6076129,527.7000173,0.11882278,2.524020975,0.115800371,0.07264038,16.49433689,25.66788393,24.73153548,3.129139424,53.31366361,1.810880057,3.396652817,1.318259367,-82.02461692,187.8243484,15.80751486,138.1015833,159.0757692,1.5088,-157.5669692,-104.4319785,0.74432934,652.8831154,2203.9,0.7037601,0.5,84.28561427,4.175016664,29.65842617,0.741803167,0.040703118,-0.999315395,569.04,1634.86,0.948715416,3.8806522,0.758508659,13.97749294,100.0009806,84.28561427,0.842847877,599.6076129,604.897871,21.41939677,19.59927097,600.001129,84.44395484,0.099978684,26.11183548,24.73153548,100.0009806,0.900057258,0.099942742,652.8875161,5.0001,85.50677419,9.492903226,652.8831154,1.938153849,1.14591448,631.1250769,622.651,269.635,24.9992,27.1008,30.0002,27.0481,27.0784
58,10104.5,0.001615132,4.487251097,819.2505161,728.4333212,0.103034729,2.524391946,0.100754162,0.063172047,16.4926627,25.59876275,24.58849355,3.102499718,53.03568918,1.78634115,3.368186928,1.316158568,-71.22732887,187.9573181,15.79370996,149.0163619,159.0757692,1.5088,-157.5669692,-104.4319785,0.74432934,651.4562692,2207.07,0.704832076,0.5,84.27675849,4.487251097,29.70048134,0.742699597,0.044412265,-0.999316379,567.88,1639.19,0.949013678,3.894197304,0.759579157,13.99761137,99.99043226,84.27675849,0.842848226,819.2505161,825.0610323,21.12808065,19.54705484,599.9930645,84.44824194,0.099956281,25.96956774,24.58849355,99.99043226,0.900036484,0.099963516,651.4255484,5.0001,85.49451613,9.492903226,651.4562692,0.962905989,-0.626495682,629.1588846,623.084,270.547,24.999,27.0536,29.9998,27.0322,27.0595
59,10286.5,0.001355093,4.970315854,1199.059032,1075.758743,0.085863112,2.52419764,0.084272913,0.052810991,16.49435479,25.52894431,24.45727419,3.078236367,52.63651308,1.757481256,3.338901368,1.320755111,-59.75959085,185.7321354,15.58606775,158.052967,159.0757692,1.5088,-157.5669692,-104.4319785,0.74432934,650.0307308,2211.84,0.706113132,0.5,84.28542403,4.970315854,29.75752236,0.743543837,0.050138996,-0.999317853,567.24,1644.6,0.949659047,3.907034295,0.76083227,14.02788421,100.0007161,84.28542403,0.842848204,1199.059032,1205.654194,20.7849871,19.45805806,599.9991613,84.45533548,0.099985503,25.82210323,24.45727419,100.0007161,0.900046871,0.099953129,650.0439032,5.0001,85.50451613,9.493870968,650.0307308,1.157709407,0.460444514,625.9746923,622.96,272.035,24.9992,26.889,29.9997,26.9169,26.9403
60,10437,0.001268142,5.131293091,1599.286065,1451.779142,0.077765461,2.523650418,0.07645832,0.047902061,16.48990539,25.65989705,24.61713871,3.107818577,51.95834845,1.745663981,3.359737238,1.362154595,-55.92507837,178.2316653,14.97983499,153.7763273,159.0757692,1.5088,-157.5669692,-104.4319785,0.74432934,648.4455,2208.54,0.706391779,0.5,84.26255478,5.131293091,29.76118799,0.744183941,0.052063028,-0.999316834,564.98,1643.56,0.949216639,3.916848279,0.761220653,14.00694074,99.97356452,84.26255478,0.842848359,1599.286065,1606.445484,20.64574516,19.40378387,599.9996774,84.4532,0.100007819,25.92713548,24.61713871,99.97356452,0.900046871,0.099953129,648.4201613,5.0001,85.48064516,9.491935484,648.4455,0.477504277,1.31223939,623.7989615,623.058,273.126,25.0025,26.7681,30.0001,26.8078,26.8331
61,10627,0.001215815,2.187647769,412.0502903,351.7016599,0.071252781,2.524589697,0.070154146,0.043943638,12.36391413,25.85128929,24.86213226,3.153635747,50.89266383,1.73057706,3.400445034,1.423058687,-53.61744826,172.6605919,14.53894767,145.9460055,159.0757692,1.5088,-157.5669692,-104.4319785,0.74432934,643.8221154,2211.03,0.708813487,0.5,63.21517247,2.187647769,22.40388342,0.739777389,0.022831836,-0.999317603,575.36,1635.67,0.958144298,3.850338206,0.763763568,14.02274354,75.00682258,63.21517247,0.842792299,412.0502903,414.7389032,20.46700645,19.27608065,600.0026452,84.45448387,0.099994755,26.13070968,24.86213226,75.00682258,0.90023,0.0997698,643.8600645,5.0001,63.02129032,6.980967742,643.8221154,-1.473675219,-0.628341879,462.3547308,622.488,271.229,24.9996,26.9264,30.0003,26.8888,26.9205
62,10803.5,0.001189761,1.907508285,300.1883226,249.0692277,0.070863758,2.524174876,0.069776813,0.043706777,12.36039274,25.74716354,24.70434839,3.124060847,51.02541744,1.723654947,3.378032035,1.4004059,-52.46845619,178.8872255,15.04534223,153.8245043,159.0757692,1.5088,-157.5669692,-104.4319785,0.74432934,645.2857692,2205.53,0.707423717,0.5,63.19446034,1.907508285,22.35263002,0.737831723,0.018406344,-0.999315901,578.22,1627.31,0.958787343,3.821706948,0.76241345,13.98783775,74.98187419,63.19446034,0.842796489,300.1883226,302.453,20.38512903,19.2196129,599.9955484,84.45452903,0.099998171,26.01889032,24.70434839,74.98187419,0.900173484,0.099826342,645.2898065,5.0001,62.99677419,6.99,645.2857692,-1.627760685,-0.848034211,462.8799615,622.431,271.505,24.9988,26.9864,30,26.9436,26.9736
63,10976.5,0.001175018,1.344606082,205.0397097,169.3566791,0.071092458,2.525419546,0.069999074,0.043846257,12.3635902,25.61045933,24.55149355,3.095641303,51.24257014,1.716579943,3.349909925,1.37906136,-51.81829204,180.5591715,15.15604869,156.2605184,159.0757692,1.5088,-157.5669692,-104.4319785,0.74432934,652.5170385,2210.95,0.704870287,0.5,63.21188703,1.344606082,22.27809048,0.736267215,0.009496264,-0.999317578,583.1,1627.85,0.957356612,3.798959131,0.759516806,14.02223582,75.0027,63.21188703,0.84279482,205.0397097,206.6252581,20.29999355,19.14881613,599.9935806,84.46064194,0.099973258,25.87766774,24.55149355,75.0027,0.900201742,0.099798071,652.5375484,5.0001,63.01645161,6.987419355,652.5170385,-4.167213676,-2.876683782,465.6753462,622.789,271.948,24.9991,26.8899,29.9999,26.8892,26.9145
64,11149.5,0.00124355,0.414691177,100.2707097,88.87799975,0.075823101,2.525033944,0.074580547,0.046722785,12.36162064,25.54011939,24.49176452,3.084597738,51.3352585,1.714618526,3.340040699,1.369979211,-54.8405619,181.8823595,15.26103782,154.664456,159.0757692,1.5088,-157.5669692,-104.4319785,0.74432934,672.4156538,2205.96,0.6951823,0.5,63.20338581,0.414691177,21.96893755,0.737610836,-0.005215514,-0.999316035,578.82,1627.14,0.942478426,3.818479877,0.749209126,13.99056675,74.99282903,63.20338581,0.842792393,100.2707097,100.8100968,20.27632258,19.05797742,599.9952581,84.46262258,0.099975971,25.82786129,24.49176452,74.99282903,0.90023,0.0997698,672.5469032,5.0001,63.00935484,6.98,672.4156538,-11.20810257,-9.596717948,477.7126923,622.987,272.499,25.0017,26.729,29.9999,26.7645,26.7878
65,11323,0.001498379,-0.203275743,50.06964839,52.41096298,0.087875618,2.524425207,0.086210928,0.054028769,12.36358,25.84127806,24.90932258,3.162528468,50.80786372,1.735306142,3.415428273,1.427222326,-66.078514,176.3516145,14.85979741,137.4964779,159.0757692,1.5088,-157.5669692,-104.4319785,0.74432934,681.177,2200.4,0.690430376,0.5,63.21336515,-0.203275743,21.82221374,0.738174877,-0.014990581,-0.999314306,576.12,1624.28,0.935320881,3.826746155,0.74423405,13.95528016,75.00466452,63.21336515,0.842792452,50.06964839,49.94139677,20.52019677,19.05257419,600.0038387,84.46575161,0.100013587,26.20510323,24.90932258,75.00466452,0.90023,0.0997698,681.2362581,5.0001,63.02032258,6.981290323,681.177,-5.375384622,-3.109641029,485.2307308,622.516,272.432,25.0023,26.8727,30.001,26.8368,26.8694
66,11473.5,0.001773006,2.60918832,409.4002581,359.0410191,0.106639282,2.524757875,0.104198739,0.065338833,12.36204206,25.82132825,24.9032129,3.161375904,51.46668095,1.76425861,3.427962669,1.397117294,-78.18957422,185.647781,15.64545451,135.4657033,159.0757692,1.5088,-157.5669692,-104.4319785,0.74432934,631.9220385,2213.68,0.714537766,0.5,63.2025867,2.60918832,22.58031755,0.744226808,0.029506055,-0.99931842,566.2,1647.48,0.960107535,3.917488355,0.76986017,14.03956179,74.99147419,63.2025867,0.842796963,409.4002581,412.7353226,20.86133548,19.1253129,599.9987419,84.47079032,0.099951155,26.26711935,24.9032129,74.99147419,0.900159355,0.099840477,631.8901935,5.0001,63.00290323,6.991935484,631.9220385,7.138769237,2.263521352,455.0120769,622.366,273.099,24.9991,27.1526,30.0005,27.0421,27.0778
67,11647.9,0.001509228,2.497342709,409.9994839,354.8558136,0.090730236,2.524819974,0.088957082,0.055754601,12.36061588,25.74211036,24.76221613,3.134879264,51.27561699,1.741380334,3.396117758,1.39349893,-66.55696594,183.344926,15.42780678,144.5763827,159.0757692,1.5088,-157.5669692,-104.4319785,0.74432934,643.7410769,2245.75,0.713351407,0.5,63.1956167,2.497342709,22.54034106,0.74496716,0.027739477,-0.999328153,572.74,1673.01,0.957560877,3.9287791,0.767733123,14.24309429,74.98324839,63.1956167,0.842796465,409.9994839,413.1156129,20.59004839,19.11189355,599.9993226,84.47387742,0.100005145,26.10917097,24.76221613,74.98324839,0.900173484,0.099826342,643.7288065,5.0001,62.99741935,6.99,643.7410769,2.505162394,1.580273544,462.7333462,622.277,273.669,24.9986,27.2554,30,27.1669,27.1972
68,11798.4,0.001330971,2.466432402,410.0031935,350.1734308,0.080694534,2.524526089,0.079288509,0.049679603,12.36103348,25.6283159,24.58926129,3.102642169,51.24929911,1.72337876,3.362736252,1.379263409,-58.69581442,184.1388813,15.46995913,153.2740595,159.0757692,1.5088,-157.5669692,-104.4319785,0.74432934,643.4983846,2238.48,0.712528866,0.5,63.19963889,2.466432402,22.51578351,0.743584933,0.027248622,-0.999325971,573.98,1664.5,0.958234674,3.907569848,0.767037785,14.19695518,74.98828065,63.19963889,0.842793545,410.0031935,413.0153226,20.37610968,19.07226129,600.001129,84.47840968,0.099990581,25.94220645,24.58926129,74.98828065,0.900201742,0.099798071,643.4887742,5.0001,63.00354839,6.982580645,643.4983846,1.9265641,-0.380786317,461.492,622.752,274.313,24.9988,27.164,29.9997,27.1368,27.1621
69,11948.9,0.001294783,3.022942896,599.5848387,523.5523596,0.080104133,2.525233537,0.078718797,0.04932172,12.36173076,25.48463461,24.40245484,3.068149121,51.5088297,1.716323042,3.332094811,1.351826079,-57.09995049,188.5834255,15.81174736,159.6569531,159.0757692,1.5088,-157.5669692,-104.4319785,0.74432934,639.9143077,2239.99,0.714322694,0.5,63.20268431,3.022942896,22.57355588,0.744981004,0.036052481,-0.999326426,571.24,1668.75,0.958846857,3.92901284,0.768929189,14.20653841,74.99182258,63.20268431,0.842794349,599.5848387,603.3840968,20.29253226,19.02402903,600.0027419,84.47906129,0.09998581,25.78766774,24.40245484,74.99182258,0.900201742,0.099798071,639.9130645,5.0001,63.00709677,6.98516129,639.9143077,1.157606839,-0.179145304,457.7,623.127,275.392,24.9985,26.9735,29.9995,27.0059,27.0283
70,12122.9,0.001249863,3.245883995,819.3663871,727.2339141,0.074175329,2.524162422,0.072985334,0.04572116,12.36257483,25.66898386,24.66020968,3.115831033,50.76420797,1.708730653,3.366014602,1.40710038,-55.11897413,176.6976072,14.85345966,148.7946676,159.0757692,1.5088,-157.5669692,-104.4319785,0.74432934,638.4724615,2241.76,0.715191429,0.5,63.20740335,3.245883995,22.60269657,0.746351081,0.039576925,-0.999326957,568.62,1673.14,0.958250677,3.950285588,0.76981787,14.21777173,74.99747742,63.20740335,0.842793725,819.3663871,823.6363226,20.20267742,18.97807742,600.0062581,84.47939677,0.100018987,25.95866774,24.66020968,74.99747742,0.900181516,0.099818332,638.4661935,5.0001,63.01129032,6.983870968,638.4724615,0.258735046,1.011692313,456.0242308,623.19,276.256,25.0032,26.8225,30.0002,26.8688,26.892
71,12299.9,0.001139861,3.538209109,1199.312226,1076.817388,0.063919151,2.525591609,0.06303386,0.039474681,12.36343483,26.00554878,25.03892903,3.187064835,49.65408496,1.701625504,3.426959747,1.48543933,-50.2678634,166.5553702,14.04101444,142.691956,159.0757692,1.5088,-157.5669692,-104.4319785,0.74432934,636.8822308,2246.45,0.716493921,0.5,63.21150968,3.538209109,22.64533122,0.746471099,0.044198909,-0.999328363,569.54,1676.91,0.959841476,3.952144178,0.771096886,14.24753685,75.00230968,63.21150968,0.842794175,1199.312226,1204.217419,20.11649677,18.99958065,600.0079032,84.48853226,0.100028242,26.26216452,25.03892903,75.00230968,0.900215871,0.099783935,636.8846774,5.0001,63.01806452,6.985806452,636.8822308,0.111179481,1.517538471,457.496,622.134,276.626,24.9999,27.0677,30.0008,27.0088,27.0416
72,12474.9,0.000973941,3.864011004,1598.973871,1441.492904,0.054861913,2.525335311,0.054208287,0.033938256,12.36495805,25.95988699,24.92429355,3.165354229,49.56966219,1.689207662,3.407744954,1.476146567,-42.95082009,169.1880425,14.24937812,152.8515586,159.0757692,1.5088,-157.5669692,-104.4319785,0.74432934,636.0948077,2239.65,0.715984726,0.5,63.21791494,3.864011004,22.63153076,0.746594334,0.049348063,-0.999326323,567.54,1672.11,0.959001018,3.95409511,0.77072722,14.20438059,75.00971935,63.21791494,0.842796313,1598.973871,1604.395161,19.9699129,19.01542581,600.0030645,84.48761935,0.100013552,26.16699032,24.92429355,75.00971935,0.900173484,0.099826342,636.0945806,5.0001,63.02032258,6.991935484,636.0948077,0.832376065,-0.25193164,457.2501923,621.877,277.505,24.9984,27.2297,30.0001,27.1486,27.1789
73,12640.4,0.00085395,1.228610327,411.9576129,360.3371876,0.048745379,2.525145986,0.048228595,0.030188846,8.230799831,25.78780182,24.70787742,3.124719667,49.50690524,1.669217164,3.371685537,1.455502503,-37.65921438,174.1491411,14.63912875,159.3598553,159.0757692,1.5088,-157.5669692,-104.4319785,0.74432934,630.6195769,2264.03,0.721461475,0.5,42.12093401,1.228610327,15.19431559,0.742256066,0.011497394,-0.999333578,583.54,1680.49,0.971984613,3.88728508,0.775983819,14.35910845,49.98304839,42.12093401,0.842704384,411.9576129,413.538,19.73082903,18.89373548,600.0055484,84.49943548,0.100008419,25.98710968,24.70787742,49.98304839,0.899783645,0.100216294,630.5933226,5.0001,40.47419355,4.505483871,630.6195769,0.598188038,-0.212717924,294.5966923,622.328,276.219,24.9986,27.1641,29.9997,27.1323,27.1582
74,12813.4,0.000816931,1.056861288,300.1809032,256.3675259,0.047314422,2.52569947,0.046827475,0.029310504,8.232204137,25.64328633,24.54331613,3.094127304,49.68020012,1.659697947,3.340763408,1.434429358,-36.02666743,175.4079705,14.71800049,162.3315077,159.0757692,1.5088,-157.5669692,-104.4319785,0.74432934,631.4248077,2262.89,0.720965311,0.5,42.12873279,1.056861288,15.18667747,0.741737336,0.007418499,-0.999333242,584.42,1678.47,0.971995444,3.879460885,0.775479683,14.35187344,49.9923871,42.12873279,0.842702964,300.1809032,301.483,19.61815161,18.81724194,599.9961613,84.50013548,0.099982777,25.8315129,24.54331613,49.9923871,0.899871032,0.100128874,631.4261613,5.0001,40.48741935,4.504193548,631.4248077,-1.446803413,-2.519042753,293.1243846,622.677,276.596,24.9996,26.9547,29.9996,26.9885,27.0109
75,12985.4,0.000874246,0.692371423,205.0659355,176.5581099,0.048663536,2.525677156,0.048148583,0.030138677,8.235966208,25.87898847,24.86223226,3.153654568,48.98933259,1.661287312,3.391120523,1.492367256,-38.55426347,166.3976146,14.0022727,150.08159,159.0757692,1.5088,-157.5669692,-104.4319785,0.74432934,633.2556538,2254.42,0.719104846,0.5,42.14635734,0.692371423,15.1538249,0.739214521,-0.001232797,-0.999330737,587.92,1666.5,0.972795887,3.841862502,0.773698337,14.29811851,50.01307742,42.14635734,0.842706738,205.0659355,205.9375806,19.63727097,18.78019677,600.0030323,84.49865161,0.100033935,26.08426774,24.86223226,50.01307742,0.899730065,0.100269881,633.2772258,5.0001,40.49903226,4.512258065,633.2556538,-3.579247866,-0.166974239,294.4544615,622.541,276.52,25.0032,26.8977,30.0006,26.9165,26.9442
76,13159.4,0.000939113,0.071842879,100.3309032,95.14651669,0.050984022,2.525753628,0.050419111,0.031562178,8.22922014,26.06792684,25.09430968,3.19759981,48.55753846,1.667038441,3.433119747,1.530561369,-41.41486412,163.1662366,13.76034542,143.7409381,159.0757692,1.5088,-157.5669692,-104.4319785,0.74432934,645.9268846,2253.71,0.713393966,0.5,42.11332211,0.071842879,15.02169494,0.737464004,-0.015968497,-0.999330526,591.68,1662.03,0.967361068,3.81618283,0.767572253,14.29361249,49.97408065,42.11332211,0.842703289,100.3309032,100.4969677,19.70374516,18.78313871,600.0013548,84.50514194,0.100014487,26.29257742,25.09430968,49.97408065,0.899812065,0.100187884,645.9679032,5.0001,40.4683871,4.502903226,645.9268846,-7.443589739,-2.174188098,301.9192692,621.928,275.924,24.9995,27.1851,30.0006,27.1018,27.1365
77,13334.4,0.00101373,-0.319383502,50.07956452,57.59436108,0.056985825,2.524821323,0.056280819,0.035238127,8.232499322,25.89113335,24.8647129,3.154121488,49.19932944,1.673732302,3.401941289,1.480389185,-44.70549262,173.3381432,14.59539767,151.4605475,159.0757692,1.5088,-157.5669692,-104.4319785,0.74432934,660.9833077,2258.68,0.707358587,0.5,42.13166918,-0.319383502,14.90109898,0.740405901,-0.025247346,-0.999331999,586.34,1672.34,0.95536595,3.859525962,0.760951359,14.32515464,49.99606774,42.13166918,0.842699658,50.07956452,49.81094839,19.78337097,18.78969677,600.0004839,84.50297742,0.100010865,26.13815161,24.8647129,49.99606774,0.899980839,0.100019019,661.0453871,5.0001,40.49645161,4.499032258,660.9833077,-6.867897416,-1.361538407,308.5425,621.862,276.174,24.9986,27.3103,30,27.2271,27.2569
78,13485,0.001123635,1.521148818,409.3697419,361.2151388,0.065729634,2.526087783,0.064794059,0.040579235,8.234364435,25.70527735,24.64136129,3.112322464,50.02980754,1.686638484,3.371267184,1.42568398,-49.55231085,182.9871359,15.37102708,157.0402165,159.0757692,1.5088,-157.5669692,-104.4319785,0.74432934,618.5846538,2273.31,0.727892521,0.5,42.13945962,1.521148818,15.33649874,0.748393312,0.018434491,-0.999336298,571.98,1701.33,0.972606929,3.982324086,0.782659424,14.41800405,50.00507097,42.13945962,0.842703726,409.3697419,411.350871,19.9340129,18.83277742,600.0006129,84.51108065,0.100005548,25.9850129,24.64136129,50.00507097,0.899805387,0.100194548,618.549129,5.0001,40.49612903,4.506451613,618.5846538,6.565914547,2.872581197,290.0360385,622.531,277.372,24.9983,27.2325,29.9996,27.202,27.2273
79,13658,0.001057716,1.482909626,410.0094194,361.1107878,0.062594288,2.526530801,0.061745364,0.038666166,8.238895675,25.57421073,24.50032903,3.086179151,50.20495328,1.677497994,3.341299782,1.408681156,-46.6452612,181.6900784,15.23701617,158.5207291,159.0757692,1.5088,-157.5669692,-104.4319785,0.74432934,632.2241923,2309.35,0.726232839,0.5,42.16151979,1.482909626,15.30954012,0.750986208,0.017517876,-0.999346656,575.06,1734.29,0.96703885,4.023775384,0.779959032,14.64673219,50.03109355,42.16151979,0.842706341,410.0094194,411.926,19.82501613,18.78827097,600.0007419,84.51520968,0.100004932,25.83422258,24.50032903,50.03109355,0.899731161,0.100268784,632.2348387,5.0001,40.51612903,4.513225806,632.2241923,1.597367507,-2.192068407,293.8778462,622.93,278.055,25.0004,27.0195,29.9996,27.0554,27.0768
80,13808.5,0.001028509,1.417253599,410.019,359.8358681,0.058445163,2.525122528,0.057703927,0.036130768,8.233159256,25.7967432,24.78392581,3.138946342,49.4611995,1.673710895,3.383886586,1.465235447,-45.35726588,172.1059463,14.47748354,149.4593232,159.0757692,1.5088,-157.5669692,-104.4319785,0.74432934,631.6358462,2291.53,0.724360647,0.5,42.13185197,1.417253599,15.25932778,0.747583492,0.015971865,-0.999341575,578.42,1713.11,0.968936118,3.969451798,0.778396146,14.53363742,49.99584516,42.13185197,0.842707066,410.019,411.8579677,19.78089032,18.77272258,599.998129,84.51253548,0.099980323,26.04816129,24.78392581,49.99584516,0.899708452,0.100291497,631.6235806,5.0001,40.48322581,4.511290323,631.6358462,0.392615377,0.529606782,293.6365,622.816,277.797,25.0016,26.973,30.0004,26.9958,27.0214
81,13959,0.001034315,1.881449365,599.5338065,531.3724322,0.058531187,2.524945506,0.057787731,0.036183341,8.234602663,25.82194662,24.82361935,3.146394433,49.42355942,1.675104043,3.389282486,1.47129039,-45.61331229,170.3576303,14.33621984,147.3151405,159.0757692,1.5088,-157.5669692,-104.4319785,0.74432934,629.1210769,2292.79,0.725608941,0.5,42.13965449,1.881449365,15.28845503,0.74895215,0.02698456,-0.999341937,575.6,1717.19,0.968832175,3.991144961,0.779705595,14.54163402,50.00516129,42.13965449,0.842706101,599.5338065,602.0353548,19.79736129,18.78352581,600.0019355,84.51248387,0.100006577,26.0751,24.82361935,50.00516129,0.899731839,0.100268126,629.1068387,5.0001,40.49129032,4.510322581,629.1210769,1.729025636,-0.084820553,293.3307308,622.552,278.175,24.9994,27.0544,30.0002,27.0322,27.0601
82,14136.5,0.000934327,2.04805215,819.3393226,735.8013611,0.053677835,2.525659013,0.053052024,0.033213133,8.236073289,25.69839373,24.6552129,3.114900562,49.63012862,1.666899656,3.358644642,1.448000906,-41.20384043,172.4411926,14.48400546,153.9574309,159.0757692,1.5088,-157.5669692,-104.4319785,0.74432934,628.7005385,2297.17,0.726315188,0.5,42.1473302,2.04805215,15.30612304,0.749813901,0.030932512,-0.999343192,574.72,1722.45,0.968660606,4.004913372,0.780353568,14.56943172,50.01429032,42.1473302,0.842705753,819.3393226,822.1529032,19.70102258,18.78510323,600.0005806,84.50980645,0.099997387,25.92164194,24.6552129,50.01429032,0.899749065,0.100250881,628.7095161,5.0001,40.50096774,4.510645161,628.7005385,0.862700855,0.138735109,292.5539231,622.608,278.846,24.9988,27.0153,29.9998,27.0071,27.0317
83,14312,0.000797901,2.22357037,1199.241806,1089.917756,0.046308861,2.525828865,0.045842306,0.028692968,8.232893372,25.588226,24.49291935,3.084810934,49.67026043,1.653402836,3.328758137,1.431408098,-35.18742327,174.007352,14.59156817,161.6443903,159.0757692,1.5088,-157.5669692,-104.4319785,0.74432934,627.7354231,2298.13,0.726849472,0.5,42.1297935,2.22357037,15.31100908,0.750858307,0.035111519,-0.999343466,572.56,1725.57,0.968024813,4.021743059,0.780903332,14.57552437,49.99330645,42.1297935,0.842708684,1199.241806,1202.422258,19.54175484,18.75944516,599.999,84.50874516,0.099973432,25.77076452,24.49291935,49.99330645,0.899680581,0.100319377,627.7201935,5.0001,40.47935484,4.513870968,627.7354231,1.321538459,-0.148888871,290.2278077,622.636,279.932,24.9997,26.8257,29.9996,26.8649,26.8861
84,14484.5,0.000782985,2.525548983,1599.263226,1461.01189,0.043446406,2.52544023,0.043035408,0.026933732,8.236356923,25.84727215,24.83003548,3.147599804,48.88295188,1.651910297,3.379317806,1.495689506,-34.52965894,162.7401714,13.68951078,150.1363802,159.0757692,1.5088,-157.5669692,-104.4319785,0.74432934,626.8856154,2296.23,0.726993544,0.5,42.14913746,2.525548983,15.3210754,0.750547637,0.042259931,-0.999342923,572.8,1723.43,0.968617457,4.016727721,0.781106183,14.56346601,50.01648387,42.14913746,0.842704928,1599.263226,1603.040968,19.52435484,18.75665806,600.0010968,84.50767419,0.100002268,26.02532258,24.83003548,50.01648387,0.899823774,0.100176155,626.8762258,5.0001,40.50645161,4.509677419,626.8856154,-0.085606848,1.801025631,290.313,622.56,280.691,25.0035,26.7673,30.0007,26.7897,26.8152
85,14650,0.000769556,0.168076073,412.0866129,393.4349133,0.041325152,2.526460468,0.04095327,0.025628927,4.097830185,26.02230636,25.04928065,3.189031698,48.09821391,1.644620679,3.419296779,1.544411019,-33.93742068,160.0404838,13.4852837,143.686177,159.0757692,1.5088,-157.5669692,-104.4319785,0.74432934,616.6123846,2376.58,0.740546338,0.5,21.0356193,0.168076073,7.788925418,0.752501494,-0.027394167,-0.999365138,588.2,1788.38,0.984112781,4.048247528,0.793670466,15.07340791,24.97099355,21.0356193,0.842402176,412.0866129,412.5718065,19.43872903,18.68414194,600.0077419,84.50532581,0.100034774,26.22426452,25.04928065,24.97099355,0.899959806,0.100040126,616.5331613,5.0001,17.97354839,1.999677419,616.6123846,5.830632467,2.82410255,128.8448077,621.675,278.12,24.9997,27.0301,30.0007,26.9553,26.988
86,14827,0.000720483,0.203968085,300.2056774,283.2971792,0.03948308,2.52445356,0.039143198,0.024494792,4.100759598,25.89583128,24.86388387,3.153965436,48.38620142,1.640738629,3.390922579,1.513226807,-31.77331846,165.9578772,13.97208436,152.2574027,159.0757692,1.5088,-157.5669692,-104.4319785,0.74432934,621.4130385,2363.97,0.737131589,0.5,21.05033596,0.203968085,7.758433794,0.747509486,-0.025669959,-0.999361752,596.88,1767.09,0.986116701,3.968047497,0.790313176,14.99337844,24.98841935,21.05033596,0.842403662,300.2056774,300.6259355,19.39188065,18.68537419,600.0046129,84.50955806,0.100009158,26.08328065,24.86388387,24.98841935,0.899913129,0.100086832,621.391871,5.0001,17.98774194,2.002258065,621.4130385,0.567350435,-0.667145313,130.3246154,621.465,278.278,24.9984,27.1583,30,27.0778,27.108
87,14977.5,0.000689589,0.063597269,205.055871,196.6280516,0.038646547,2.524708807,0.038320883,0.023979583,4.100241452,25.74120223,24.66303548,3.116357346,48.73367469,1.636576824,3.358205254,1.479780522,-30.41085623,171.0108049,14.36967222,159.0698623,159.0757692,1.5088,-157.5669692,-104.4319785,0.74432934,620.3885,2348.8,0.735870019,0.5,21.04782667,0.063597269,7.744232304,0.745052793,-0.032342155,-0.999357629,598.82,1749.98,0.987675002,3.929762576,0.789328389,14.89710192,24.98546129,21.04782667,0.842402965,205.055871,205.260871,19.34286129,18.66661613,600.0042581,84.50880968,0.10001831,25.91943226,24.66303548,24.98546129,0.899852871,0.1001471,620.3621935,5.0001,17.98387097,2.001290323,620.3885,-0.6428376,-1.285914485,128.9938077,622.03,278.536,24.9987,27.073,29.9998,27.0453,27.0705
88,15148.5,0.000686473,-0.198852498,100.287171,105.5445155,0.039305679,2.525526301,0.038968972,0.024385619,4.105206534,25.56664371,24.46586774,3.079820281,49.07156942,1.630872661,3.32345731,1.44894762,-30.27343782,174.0093471,14.58952379,162.4306396,159.0757692,1.5088,-157.5669692,-104.4319785,0.74432934,628.3584615,2357.03,0.733410919,0.5,21.07267532,-0.198852498,7.727465087,0.744296848,-0.044758524,-0.999359872,602.7,1754.33,0.98537421,3.918089952,0.786491144,14.94933368,25.01487097,21.07267532,0.842405917,100.287171,100.1571613,19.27569355,18.60244516,599.9927742,84.50775806,0.099971184,25.74388065,24.46586774,25.01487097,0.899771742,0.100228239,628.3830323,5.0001,18.00870968,2.006129032,628.3584615,-1.468923074,0.994393104,128.7025385,622.484,278.825,24.9998,26.8531,29.9996,26.8919,26.9131
89,15319.4,0.000787178,-0.418736068,50.06293226,63.9736643,0.043350987,2.526095181,0.042941888,0.026875114,4.10411039,25.82321069,24.81690323,3.145133135,48.45562185,1.637965779,3.380342086,1.507167357,-34.71455672,165.2684455,13.89802391,148.5560231,159.0757692,1.5088,-157.5669692,-104.4319785,0.74432934,638.2728077,2346.1,0.727943051,0.5,21.06800245,-0.418736068,7.668152994,0.742585568,-0.055205301,-0.99935689,603.92,1742.18,0.980281712,3.892011304,0.780890842,14.87996635,25.00945484,21.06800245,0.842401507,50.06293226,49.68360645,19.35899677,18.58706129,600.002871,84.51002903,0.100025806,26.03044516,24.81690323,25.00945484,0.89990629,0.100093623,638.353129,5.0001,18.00645161,2.001935484,638.2728077,-7.953196583,-2.609025623,130.6542308,621.911,278.749,25.0034,26.7997,30.0006,26.8214,26.847
90,15469.9,0.000897746,0.439641846,409.4183226,383.1434614,0.048881496,2.524753816,0.048361758,0.030272334,4.101260506,25.97794643,24.99978387,3.179636619,48.3841978,1.653815852,3.41809088,1.525820766,-39.59059325,165.8568693,13.98093736,144.3484739,159.0757692,1.5088,-157.5669692,-104.4319785,0.74432934,618.7762308,2425.01,0.744835596,0.5,21.05296761,0.439641846,7.84049984,0.759654599,-0.014472425,-0.999377817,582.84,1842.17,0.980492446,4.168882042,0.797125417,15.38076928,24.99155161,21.05296761,0.842403382,409.4183226,410.2255161,19.54564516,18.66544839,600.0014194,84.51300645,0.100002677,26.21829355,24.99978387,24.99155161,0.899907129,0.100092794,618.7085806,5.0001,17.99064516,2.002258065,618.7762308,7.387623917,2.503418787,128.5695,621.65,278.907,25,27.0397,30.0006,26.9708,27.003
91,15645.9,0.000870535,0.394310114,409.998129,385.326141,0.048459463,2.524909629,0.047948642,0.030013348,4.102858649,25.8431358,24.82505484,3.146664076,48.80021472,1.654002374,3.389334213,1.492661703,-38.39059689,170.1949359,14.32285381,150.2300514,159.0757692,1.5088,-157.5669692,-104.4319785,0.74432934,626.3748077,2449.6,0.744295065,0.5,21.06078666,0.394310114,7.837719791,0.761708034,-0.016619475,-0.999384063,583.72,1865.88,0.977139576,4.204816397,0.795985988,15.53682991,25.00078065,21.06078666,0.842405161,409.998129,410.7493548,19.54729677,18.69378065,600.0016452,84.51539032,0.100011626,26.07535806,24.82505484,25.00078065,0.89985129,0.100148648,626.3487419,5.0001,17.99806452,2.004516129,626.3748077,1.251726511,-2.334222166,130.5232308,621.693,279.02,24.9985,27.179,30.0001,27.0983,27.1284
92,15796.4,0.000730963,0.388425231,410.0146774,383.3546161,0.041027709,2.525747527,0.040661034,0.025445817,4.103101703,25.73879979,24.68693226,3.120811284,48.87813135,1.642386926,3.360167176,1.478424358,-32.23547031,169.1704165,14.21159343,155.2496413,159.0757692,1.5088,-157.5669692,-104.4319785,0.74432934,625.1346154,2428,0.742531048,0.5,21.06155902,0.388425231,7.819430744,0.75854201,-0.016898279,-0.999378583,586.26,1841.74,0.978892452,4.149613032,0.794590388,15.39974534,25.00163226,21.06155902,0.84240736,410.0146774,410.7028065,19.40864516,18.69187097,600.0015484,84.52142903,0.099981281,25.92929677,24.68693226,25.00163226,0.899793581,0.100206358,625.1341613,5.0001,17.99741935,2.006451613,625.1346154,-0.117880352,-3.229709413,129.3652692,622.081,279.526,24.9986,27.1051,29.9996,27.0747,27.0999
93,15946.9,0.000648031,0.625056198,599.4945484,555.972077,0.036998149,2.525283472,0.036699625,0.022963886,4.101807487,25.60075882,24.50722581,3.087453135,49.12432411,1.634821319,3.327926334,1.452631817,-28.57815057,171.448058,14.38078909,161.352504,159.0757692,1.5088,-157.5669692,-104.4319785,0.74432934,623.7009231,2422.41,0.742528753,0.5,21.05689038,0.625056198,7.817673279,0.759421403,-0.005664328,-0.999377149,582.78,1839.63,0.977755895,4.164839407,0.794716508,15.36426836,24.99636129,21.05689038,0.842398225,599.4945484,600.5080968,19.31787742,18.68236452,599.9991935,84.52736452,0.100013694,25.76654839,24.50722581,24.99636129,0.900006226,0.099993697,623.7077742,5.0001,17.99612903,1.998064516,623.7009231,1.29011966,-0.478085461,127.8824615,622.662,280.278,24.999,26.9146,29.9995,26.9448,26.9661
94,16121.9,0.000645385,0.639773156,819.4528065,767.2949009,0.03556939,2.525994688,0.035293462,0.022083026,4.098868852,25.80213028,24.78227419,3.138636768,48.54311847,1.634782306,3.367691152,1.503854462,-28.46145991,161.3486317,13.56224735,150.548288,159.0757692,1.5088,-157.5669692,-104.4319785,0.74432934,623.7083077,2424.79,0.742778423,0.5,21.04094118,0.639773156,7.814378552,0.760556584,-0.004969178,-0.999377761,580.6,1844.19,0.976624801,4.184627914,0.794928887,15.37937305,24.97730968,21.04094118,0.842402222,819.4528065,820.6214516,19.31763871,18.68471613,599.9949677,84.52641613,0.099988284,25.96708065,24.78227419,24.97730968,0.899849968,0.100149997,623.6932903,5.0001,17.97677419,2,623.7083077,0.729641033,0.120923173,127.4693462,622.399,280.728,25.0031,26.7921,30.0005,26.8281,26.8517
95,16296.9,0.000629851,0.882431766,1199.249323,1122.140455,0.033692208,2.525632011,0.033444491,0.020924911,4.101828279,26.01811963,25.03916774,3.187110179,48.06408192,1.63900672,3.410044788,1.548103459,-27.77641401,155.1208765,13.07135818,144.5176489,159.0757692,1.5088,-157.5669692,-104.4319785,0.74432934,624.0586154,2426.1,0.742772921,0.5,21.05572495,0.882431766,7.819811168,0.761699847,0.006558902,-0.999378097,578.14,1847.96,0.975151727,4.204752015,0.794892864,15.38768697,24.99480323,21.05572495,0.84240411,1199.249323,1200.887097,19.36995484,18.75230645,600.0020323,84.51592258,0.100006255,26.17840645,25.03916774,24.99480323,0.89990971,0.100090226,624.0753548,5.0001,17.99419355,2.003225806,624.0586154,0.210871793,1.401777768,129.4790769,621.814,280.85,24.9996,27.0355,30.0006,26.9732,27.0048
96,16473.4,0.000587896,1.015369498,1599.251194,1503.337834,0.032347483,2.527612153,0.03211925,0.020094903,4.102484833,25.85797933,24.81253226,3.144312499,48.55753879,1.639004558,3.375386394,1.505307942,-25.92622227,162.584296,13.66209339,154.422652,159.0757692,1.5088,-157.5669692,-104.4319785,0.74432934,624.073,2424.66,0.742614222,0.5,21.05855633,1.015369498,7.819191714,0.760964424,0.012870785,-0.999377727,579.58,1845.08,0.975885598,4.191786756,0.79475615,15.378548,24.99809032,21.05855633,0.842406602,1599.251194,1601.206774,19.36602581,18.78950968,599.9946452,84.53300323,0.099981052,26.00564839,24.81253226,24.99809032,0.899804,0.100195968,624.0536774,5.0001,17.99419355,2.005483871,624.073,0.024547017,-0.920136738,129.7139231,621.658,281.796,24.9983,27.1333,29.9999,27.0686,27.0966
